{"train loss": 0.03284932386416655, "_timestamp": 1732684091.6675708, "_runtime": 18.437121868133545, "_step": 799, "val loss": 0.027260884642601013, "_wandb": {"runtime": 18}}