{"train loss": 0.03686797389617333, "_timestamp": 1732699161.203941, "_runtime": 10.701805114746094, "_step": 199, "val loss": 0.03549290395208767, "_wandb": {"runtime": 10}}