{"train loss": 0.03282490752350826, "_timestamp": 1732643758.923697, "_runtime": 12.183212041854858, "_step": 799, "val loss": 0.10705988854169846, "_wandb": {"runtime": 11}}