{"train loss": 0.03402277361601591, "_timestamp": 1732697943.5108845, "_runtime": 33.420578479766846, "_step": 775, "val loss": 0.0357523076236248, "_wandb": {"runtime": 32}}