{"train loss": 0.06634519120248464, "_timestamp": 1732700652.2671006, "_runtime": 108.92417645454407, "_step": 56, "val loss": 0.07429765218070575, "_wandb": {"runtime": 110}}