{"train loss": 0.03781203603228697, "_timestamp": 1732698751.404105, "_runtime": 87.08952903747559, "_step": 656, "val loss": 0.016303114593029022, "_wandb": {"runtime": 86}}