{"loss": 0.03396618136992821, "_timestamp": 1732643701.9051113, "_runtime": 10.906559228897095, "_step": 799, "val_loss": 0.026737332344055176, "_wandb": {"runtime": 10}}