{"train loss": 0.04126828421766941, "_timestamp": 1732699001.4966304, "_runtime": 228.22857236862183, "_step": 542, "val loss": 0.0335000604391098, "_wandb": {"runtime": 227}}