{"train loss": 0.03258268893338167, "_timestamp": 1732700173.344079, "_runtime": 384.0249819755554, "_step": 199, "val loss": 0.03564798379583018, "_wandb": {"runtime": 383}}