{"train loss": 0.06386729387136605, "_timestamp": 1732683904.2457418, "_runtime": 5.042628765106201, "_step": 263, "val loss": 0.05251021310687065, "_wandb": {"runtime": 4}}