{"train loss": 0.07777749947630443, "_timestamp": 1732698164.3837645, "_runtime": 15.117889404296875, "_step": 183, "val loss": 0.044929008930921555, "_wandb": {"runtime": 14}}