{"train loss": 0.056287213873404726, "_timestamp": 1732701443.4542787, "_runtime": 401.6756258010864, "_step": 199, "val loss": 0.04582526069134474, "_wandb": {"runtime": 401}}