{"train loss": 0.43438022755659544, "_timestamp": 1732699581.7674363, "_runtime": 1.2511813640594482, "_step": 0, "_wandb": {"runtime": 0}}