{"train loss": 0.03191703450507843, "_timestamp": 1732700520.0566933, "_runtime": 115.32975220680237, "_step": 58, "val loss": 0.03636723384261131, "_wandb": {"runtime": 116}}