{"train loss": 0.1938035092674769, "_timestamp": 1732704669.4377627, "_runtime": 293.2023227214813, "_step": 61, "train temporal loss": 0.11256191793542641, "val loss": 0.16016467128481185, "val temporal loss": 0.07123899034091405}