{"train loss": 0.1743107890853515, "_timestamp": 1732704766.1617494, "_runtime": 389.9263093471527, "_step": 81, "train temporal loss": 0.09967799943227035, "val loss": 0.15748341381549835, "val temporal loss": 0.07135232697640147}