{"train loss": 0.035620444669173315, "_timestamp": 1732684293.219428, "_runtime": 18.506652116775513, "_step": 799, "val loss": 0.01772657409310341, "_wandb": {"runtime": 18}}