{"train loss": 2.286561810053312, "_timestamp": 1732779147.7003179, "_runtime": 4.377896785736084, "_step": 1, "train temporal loss": 1.8991265480334942, "_wandb": {"runtime": 11}}