{"train loss": 0.048203376336739615, "_timestamp": 1732700997.5383022, "_runtime": 335.25307607650757, "_step": 164, "val loss": 0.05356058105826378, "_wandb": {"runtime": 337}}