{"train loss": 0.08303386345505714, "_timestamp": 1732699780.119781, "_runtime": 69.30754399299622, "_step": 35, "val loss": 0.08966616328273501, "_wandb": {"runtime": 68}}