{"train loss": 0.07990208640694618, "_timestamp": 1732698242.8951364, "_runtime": 14.990036249160767, "_step": 183, "val loss": 0.0679764598608017, "_wandb": {"runtime": 14}}