{"train loss": 0.026285893068863794, "_timestamp": 1732700394.4441316, "_runtime": 150.4780626296997, "_step": 78, "val loss": 0.031103912208761488, "_wandb": {"runtime": 150}}