{"train loss": 0.0343411612825898, "_timestamp": 1732698403.303289, "_runtime": 61.111440896987915, "_step": 799, "val loss": 0.0385294072329998, "_wandb": {"runtime": 60}}